{
  "totalWatchTime": 301.73900000000003,
  "dailyStats": {
    "Sun Nov 16 2025": {
      "watchTime": 301.73900000000003,
      "videosCompleted": 0
    }
  },
  "courseStats": {
    "1": {
      "watchTime": 301.73900000000003,
      "videosCompleted": 0
    }
  }
}